scenario,ev,step,lon,lat
cologne,vehev1,25200,6.949588565481818,50.918827712300406
cologne,vehev1,25201,6.949548713505397,50.918767602341575
cologne,vehev1,25202,6.949518228487738,50.918706545396944
cologne,vehev1,25203,6.9494954989686955,50.91866102145328
cologne,vehev1,25204,6.949482835480599,50.91863565827631
cologne,vehev1,25205,6.949480351094543,50.91863068239884
cologne,vehev1,25206,6.94948013666965,50.91863025293575
cologne,vehev1,25207,6.949480042265875,50.918630063858174
cologne,vehev1,25208,6.949426354789332,50.918529259464755
cologne,vehev1,25209,6.949407706042695,50.918496796933205
cologne,vehev1,25210,6.949380466176757,50.91844937945249
cologne,vehev1,25211,6.949342634130496,50.91838352359018
cologne,vehev1,25212,6.949294030216316,50.91829814108007
cologne,vehev1,25213,6.949238978933819,50.918199535771194
cologne,vehev1,25214,6.949180145025329,50.91809531402109
cologne,vehev1,25215,6.949122927367876,50.91799395492651
cologne,vehev1,25216,6.9490616754079735,50.91788544869806
cologne,vehev1,25217,6.949004593259825,50.91778432870894
cologne,vehev1,25218,6.948941312855282,50.917676141515486
cologne,vehev1,25219,6.948873981914996,50.917574807016635
cologne,vehev1,25220,6.948806088069552,50.91747396042714
cologne,vehev1,25221,6.948734798837288,50.91737005902841
cologne,vehev1,25222,6.948658018937531,50.91727102489363
cologne,vehev1,25223,6.948583166884488,50.917175044659324
cologne,vehev1,25224,6.948440191820351,50.91699598949159
cologne,vehev1,25225,6.948407328445208,50.91695870151683
cologne,vehev1,25226,6.948380291961963,50.91692169377818
cologne,vehev1,25227,6.94829804817598,50.91679122373781
cologne,vehev1,25228,6.9482415991146045,50.916695367818974
cologne,vehev1,25229,6.948182008908497,50.91659464679445
cologne,vehev1,25230,6.9481248842799594,50.91649809273066
cologne,vehev1,25231,6.948066093493253,50.91639872203094
cologne,vehev1,25232,6.948009851907161,50.91630235757284
cologne,vehev1,25233,6.947952162543704,50.916202708724676
cologne,vehev1,25234,6.947896462230102,50.9161064952105
cologne,vehev1,25235,6.9478372196691,50.91600416256809
cologne,vehev1,25236,6.947781477919669,50.91590787662543
cologne,vehev1,25237,6.947725444427415,50.915811082413455
cologne,vehev1,25238,6.947667758885576,50.915708258764546
cologne,vehev1,25239,6.947608389092547,50.915602432470926
cologne,vehev1,25240,6.947553043651805,50.91550377911192
cologne,vehev1,25241,6.947498465963771,50.91540649384964
cologne,vehev1,25242,6.947439462774209,50.915301319613924
cologne,vehev1,25243,6.947340709824891,50.915132593066545
cologne,vehev1,25244,6.947309194764897,50.915080272895175
cologne,vehev1,25245,6.947279916371293,50.91503166584676
cologne,vehev1,25246,6.947154556574395,50.915032498097624
cologne,vehev1,25247,6.9470772922318105,50.915050433545346
cologne,vehev1,25248,6.946750197562493,50.915126250983285
cologne,vehev1,25249,6.946587267362398,50.915166071024245
cologne,vehev1,25250,6.946437918124896,50.91520257162488
cologne,vehev1,25251,6.946280088988195,50.91524114442111
cologne,vehev1,25252,6.946120293049805,50.915280197611175
cologne,vehev1,25253,6.945965768166492,50.91531796231406
cologne,vehev1,25254,6.945803038912472,50.91535773181321
cologne,vehev1,25255,6.945646762231481,50.9153959240848
cologne,vehev1,25256,6.945488087747548,50.91543470207249
cologne,vehev1,25257,6.945324487014907,50.91547468367602
cologne,vehev1,25258,6.9451688185448015,50.91551609397583
cologne,vehev1,25259,6.945016721300757,50.91556691085255
cologne,vehev1,25260,6.94486496101591,50.91562227808845
cologne,vehev1,25261,6.944625692081563,50.91571058588191
cologne,vehev1,25262,6.944471804030727,50.915771071849115
cologne,vehev1,25263,6.944330757537584,50.91583295472201
cologne,vehev1,25264,6.9441829168933165,50.91589781810387
cologne,vehev1,25265,6.944036046145963,50.91596225558632
cologne,vehev1,25266,6.94389312257272,50.916024960949066
cologne,vehev1,25267,6.943747820858694,50.91608870932554
cologne,vehev1,25268,6.943605347256947,50.916151216572466
cologne,vehev1,25269,6.943456774820255,50.91621639918495
cologne,vehev1,25270,6.943315287163452,50.916278473170074
cologne,vehev1,25271,6.943169871974715,50.91634415384069
cologne,vehev1,25272,6.943034779638097,50.91640705506202
cologne,vehev1,25273,6.94289369177185,50.91647274754861
cologne,vehev1,25274,6.942746402377122,50.91654132716976
cologne,vehev1,25275,6.94260113324892,50.91660896574757
cologne,vehev1,25276,6.942463416922908,50.91667308732228
cologne,vehev1,25277,6.94232400661222,50.916737997277494
cologne,vehev1,25278,6.942184082110618,50.916803146288565
cologne,vehev1,25279,6.94203758683825,50.916871354278854
cologne,vehev1,25280,6.941776239873947,50.91698079390846
cologne,vehev1,25281,6.941527275831434,50.91707640196532
cologne,vehev1,25282,6.9413942485678355,50.91712757247853
cologne,vehev1,25283,6.941254727345586,50.91718124148258
cologne,vehev1,25284,6.941124569074586,50.91723130861761
cologne,vehev1,25285,6.940988786149463,50.91728353907965
cologne,vehev1,25286,6.940849340762384,50.91733717806057
cologne,vehev1,25287,6.940719562708875,50.91738709814736
cologne,vehev1,25288,6.940581722931461,50.917440118957856
cologne,vehev1,25289,6.940441316263354,50.917494126842264
cologne,vehev1,25290,6.940300565247458,50.91754826688302
cologne,vehev1,25291,6.9401642307950375,50.91760070780289
cologne,vehev1,25292,6.940034515908372,50.917650602252934
cologne,vehev1,25293,6.939602366108438,50.91782031080614
cologne,vehev1,25294,6.939443356512041,50.91788066387352
cologne,vehev1,25295,6.939286358540126,50.91794024045939
cologne,vehev1,25296,6.9391386460665485,50.91800080241241
cologne,vehev1,25297,6.938990112488338,50.91806466382332
cologne,vehev1,25298,6.938844080225795,50.918127978120644
cologne,vehev1,25299,6.938704730218071,50.91818821417346
cologne,vehev1,25300,6.938555749414443,50.918251453068045
cologne,vehev1,25301,6.93841527825831,50.918311079479686
cologne,vehev1,25302,6.938267665031839,50.91837373716706
cologne,vehev1,25303,6.938115482949749,50.91843833382999
cologne,vehev1,25304,6.937964640562214,50.91850236145673
cologne,vehev1,25305,6.937816690385415,50.91856516107102
cologne,vehev1,25306,6.937666314092515,50.91862908507887
cologne,vehev1,25307,6.937522107699673,50.918690694031795
cologne,vehev1,25308,6.9372415329791,50.91881695950803
cologne,vehev1,25309,6.9370998770531145,50.918888962530254
cologne,vehev1,25310,6.936957322719057,50.91896142180583
cologne,vehev1,25311,6.936807751380735,50.91903744733615
cologne,vehev1,25312,6.936668132632771,50.91910841366824
cologne,vehev1,25313,6.936524388039608,50.919181476706676
cologne,vehev1,25314,6.936379033064071,50.919255357858155
cologne,vehev1,25315,6.936236443533117,50.919327832978546
cologne,vehev1,25316,6.936092213200972,50.91940114167049
cologne,vehev1,25317,6.93595400605422,50.919471388538646
cologne,vehev1,25318,6.935804036446239,50.91954700490997
cologne,vehev1,25319,6.935663494496888,50.919612918682816
cologne,vehev1,25320,6.935510832561197,50.91968451628688
cologne,vehev1,25321,6.935364288240368,50.91975324436395
cologne,vehev1,25322,6.935223127788441,50.91981944708095
cologne,vehev1,25323,6.9350781430872335,50.91988744295136
cologne,vehev1,25324,6.934936768510345,50.9199537453533
cologne,vehev1,25325,6.934786506776322,50.920024215289764
cologne,vehev1,25326,6.934639021247497,50.92009338283798
cologne,vehev1,25327,6.934487688970455,50.92016435401664
cologne,vehev1,25328,6.934342255221273,50.92023255853517
cologne,vehev1,25329,6.934197576948903,50.920300408373045
cologne,vehev1,25330,6.934050470645181,50.920369396494934
cologne,vehev1,25331,6.933918392517653,50.920470202391215
cologne,vehev1,25332,6.933796827552166,50.92052892038466
cologne,vehev1,25333,6.933672873226455,50.92058879219453
cologne,vehev1,25334,6.933547773622701,50.920649216898035
cologne,vehev1,25335,6.933421336700591,50.92071028724432
cologne,vehev1,25336,6.933289481602483,50.92077397430568
cologne,vehev1,25337,6.933162354875746,50.9208353772165
cologne,vehev1,25338,6.932985358127953,50.920906960363304
cologne,vehev1,25339,6.932934231766966,50.92093614634197
cologne,vehev1,25340,6.932746997571709,50.92105791860302
cologne,vehev1,25341,6.932690703987566,50.92110263714728
cologne,vehev1,25342,6.9325227836535115,50.92124654560979
cologne,vehev1,25343,6.932401007409489,50.92138165372773
cologne,vehev1,25344,6.932298455715724,50.92151777302116
cologne,vehev1,25345,6.932204504428722,50.92166095435453
cologne,vehev1,25346,6.932108383139505,50.921799559065164
cologne,vehev1,25347,6.93202552622703,50.92194246621084
cologne,vehev1,25348,6.9319431440124735,50.92208457941234
cologne,vehev1,25349,6.931863094500513,50.92223042779206
cologne,vehev1,25350,6.931785658399103,50.92237430547679
cologne,vehev1,25351,6.931715915485299,50.9225181547537
cologne,vehev1,25352,6.931647636569098,50.922665103878906
cologne,vehev1,25353,6.931579563189881,50.92281160965282
cologne,vehev1,25354,6.9315109602870715,50.92295925404675
cologne,vehev1,25355,6.931443767380009,50.92310386292488
cologne,vehev1,25356,6.931320317769792,50.9233709489592
cologne,vehev1,25357,6.931243000073913,50.92352603527055
cologne,vehev1,25358,6.931160739162271,50.923675412548825
cologne,vehev1,25359,6.931078109601684,50.92382255145218
cologne,vehev1,25360,6.930983291883612,50.92397839438916
cologne,vehev1,25361,6.93089320788569,50.92412645589023
cologne,vehev1,25362,6.930803549219111,50.92428270774737
cologne,vehev1,25363,6.930751605431052,50.92446625468256
cologne,vehev1,25364,6.930687304191765,50.92457772083998
cologne,vehev1,25365,6.930546721638136,50.924810755867846
cologne,vehev1,25366,6.930481637659285,50.92491546425723
cologne,vehev1,25367,6.9304158792379775,50.92502125717362
cologne,vehev1,25368,6.930349112528549,50.92512867169138
cologne,vehev1,25369,6.9301795248651175,50.92534671422723
cologne,vehev1,25370,6.930113316518564,50.92544656427761
cologne,vehev1,25371,6.9300487288452794,50.92554959537519
cologne,vehev1,25372,6.92998526241493,50.92565082824713
cologne,vehev1,25373,6.929830871173408,50.92585185316888
cologne,vehev1,25374,6.929738306190586,50.925992104336984
cologne,vehev1,25375,6.929649524541748,50.92612674951144
cologne,vehev1,25376,6.929561695267941,50.92625988579145
cologne,vehev1,25377,6.9294715299637115,50.926396522239386
cologne,vehev1,25378,6.929348637448363,50.92658379420949
cologne,vehev1,25379,6.929253293037571,50.92673417457146
cologne,vehev1,25380,6.92915558360321,50.926888284008754
cologne,vehev1,25381,6.9290567032160295,50.92704423914595
cologne,vehev1,25382,6.928962843672513,50.927192274285844
cologne,vehev1,25383,6.928869838868638,50.92733896030143
cologne,vehev1,25384,6.9287743598084965,50.92748954761636
cologne,vehev1,25385,6.928676250833145,50.92764428164555
cologne,vehev1,25386,6.928577879851521,50.92779942775618
cologne,vehev1,25387,6.9284808811891265,50.92795501922168
cologne,vehev1,25388,6.9283857770533075,50.928108045443054
cologne,vehev1,25389,6.928289332048015,50.92826322803817
cologne,vehev1,25390,6.92819332135355,50.928419584557034
cologne,vehev1,25391,6.92810037667312,50.928572297983614
cologne,vehev1,25392,6.928008696323067,50.928722932959495
cologne,vehev1,25393,6.927917709027012,50.92887242815225
cologne,vehev1,25394,6.9278243020888635,50.92902589779594
cologne,vehev1,25395,6.927733768451817,50.929174645477005
cologne,vehev1,25396,6.927643539879243,50.929322890890006
cologne,vehev1,25397,6.927548050633241,50.92947977844658
cologne,vehev1,25398,6.927455133735806,50.929632438548154
cologne,vehev1,25399,6.927361233502356,50.92978671312293
cologne,vehev1,25400,6.9272681319393,50.92993967439764
cologne,vehev1,25401,6.927114158772288,50.9301977087704
cologne,vehev1,25402,6.927031973468822,50.930338820666876
cologne,vehev1,25403,6.926951100440218,50.930477678474226
cologne,vehev1,25404,6.926871614118592,50.93061415443912
cologne,vehev1,25405,6.926789868228296,50.93075450910816
cologne,vehev1,25406,6.926711580210392,50.9308889258666
cologne,vehev1,25407,6.926553340501914,50.931177334000836
cologne,vehev1,25408,6.926468346150239,50.9313212816473
cologne,vehev1,25409,6.926387516054533,50.93145817574176
cologne,vehev1,25410,6.926307204070075,50.931594191484095
cologne,vehev1,25411,6.9262220678948685,50.93173837648283
cologne,vehev1,25412,6.926073866373522,50.931946753023475
cologne,vehev1,25413,6.926000641998292,50.93203577450602
cologne,vehev1,25414,6.9259027964894715,50.93220981090718
cologne,vehev1,25415,6.925802272074368,50.93235465523361
cologne,vehev1,25416,6.925701692406158,50.93249957815977
cologne,vehev1,25417,6.925597718961188,50.93264939003476
cologne,vehev1,25418,6.925497263082385,50.93279413253658
cologne,vehev1,25419,6.925393898762307,50.93294306462896
cologne,vehev1,25420,6.925292884999457,50.933088608895126
cologne,vehev1,25421,6.925191343929489,50.9332349118936
cologne,vehev1,25422,6.925101821154132,50.933387342332615
cologne,vehev1,25423,6.9249989516272565,50.93354678357711
cologne,vehev1,25424,6.924913428261096,50.93375439217354
cologne,vehev1,25425,6.924878728896405,50.933911392546435
cologne,vehev1,25426,6.924860076390867,50.9340719356666
cologne,vehev1,25427,6.924858039297475,50.934226942359
cologne,vehev1,25428,6.924879024830193,50.934420345364614
cologne,vehev1,25429,6.924876874483013,50.93458926665438
cologne,vehev1,25430,6.924874644555389,50.9347597410124
cologne,vehev1,25431,6.924872405652953,50.934930554262046
cologne,vehev1,25432,6.924870282744093,50.9350925155228
cologne,vehev1,25433,6.924868109393127,50.93525832264256
cologne,vehev1,25434,6.924865949205883,50.93542361299061
cologne,vehev1,25435,6.924863804475532,50.935588856444106
cologne,vehev1,25436,6.924861687497019,50.93575418686367
cologne,vehev1,25437,6.924882702485959,50.935946224632154
cologne,vehev1,25438,6.924880479012801,50.93611066901578
cologne,vehev1,25439,6.924879051829092,50.93622231383901
cologne,vehev1,25440,6.924877717093165,50.936326725673744
cologne,vehev1,25441,6.924876311527996,50.93643393213214
cologne,vehev1,25442,6.924853322112123,50.93686602647995
cologne,vehev1,25443,6.924857056113474,50.936951377854385
cologne,vehev1,25444,6.92486065127934,50.93703355554577
cologne,vehev1,25445,6.9248643203678455,50.93711742274868
cologne,vehev1,25446,6.924872768701546,50.937467069286676
cologne,vehev1,25447,6.924902739541715,50.9375891172073
cologne,vehev1,25448,6.924932779226712,50.93771144486701
cologne,vehev1,25449,6.924999032427427,50.93795244863753
cologne,vehev1,25450,6.9250508875964165,50.93810618792735
cologne,vehev1,25451,6.92510102764527,50.93825484131301
cologne,vehev1,25452,6.925166185968894,50.93840978372325
cologne,vehev1,25453,6.925234778635074,50.93856311234876
cologne,vehev1,25454,6.925300974553734,50.93871108243976
cologne,vehev1,25455,6.925353265880213,50.93882797043152
cologne,vehev1,25456,6.925441247212733,50.93892849203734
cologne,vehev1,25457,6.9254701948151665,50.93900367682933
cologne,vehev1,25458,6.92550123952529,50.93908430811229
cologne,vehev1,25459,6.925530839436166,50.93916118661331
cologne,vehev1,25460,6.925559643055368,50.939235996700425
cologne,vehev1,25461,6.92558826034098,50.93931032259713
cologne,vehev1,25462,6.925618204937375,50.93938809558355
cologne,vehev1,25463,6.925649658958325,50.93946690141858
cologne,vehev1,25464,6.925798614521232,50.93992426493299
cologne,vehev1,25465,6.925839903044928,50.94004159125234
cologne,vehev1,25466,6.9258875386803656,50.94017695293229
cologne,vehev1,25467,6.925938389138842,50.94032144901626
cologne,vehev1,25468,6.92599025194155,50.940468820857085
cologne,vehev1,25469,6.926042602032525,50.94061757643123
cologne,vehev1,25470,6.926093687133175,50.94076273656629
cologne,vehev1,25471,6.926144971956861,50.94090846332564
cologne,vehev1,25472,6.926195178861621,50.94105112628927
cologne,vehev1,25473,6.926246831918805,50.94119789759851
cologne,vehev1,25474,6.92629878205721,50.941345512140735
cologne,vehev1,25475,6.926336001524667,50.941519752144835
cologne,vehev1,25476,6.926391213336686,50.94167671603391
cologne,vehev1,25477,6.926447619626916,50.9418363304775
cologne,vehev1,25478,6.926504135247247,50.94198882584941
cologne,vehev1,25479,6.926560501374628,50.9421409168627
cologne,vehev1,25480,6.926653347855665,50.94231915327859
cologne,vehev1,25481,6.926697225071045,50.94243160560706
cologne,vehev1,25482,6.926754219667607,50.942541228553374
cologne,vehev1,25483,6.926962346009131,50.942867504078755
cologne,vehev1,25484,6.927063215874398,50.94300323284822
cologne,vehev1,25485,6.9271660935986255,50.943141662470644
cologne,vehev1,25486,6.927268742474935,50.94327978326768
cologne,vehev1,25487,6.927372575738585,50.94341949682751
cologne,vehev1,25488,6.927475701596277,50.94355825762849
cologne,vehev1,25489,6.927582823436536,50.94370239426228
cologne,vehev1,25490,6.927690281710111,50.943846982603716
cologne,vehev1,25491,6.927792947957613,50.94398512221617
cologne,vehev1,25492,6.927936428382354,50.94414220779805
cologne,vehev1,25493,6.928047885716084,50.944286645491545
cologne,vehev1,25494,6.928159319333496,50.944431051467056
cologne,vehev1,25495,6.928274808863455,50.944580712430486
cologne,vehev1,25496,6.928428372037513,50.94474585399457
cologne,vehev1,25497,6.9285507111888816,50.944893877139926
cologne,vehev1,25498,6.928640716912867,50.945054918815146
cologne,vehev1,25499,6.928801503034614,50.945200033220075
cologne,vehev1,25500,6.928948778642786,50.945321125661536
cologne,vehev1,25501,6.929106036199956,50.94545042453723
cologne,vehev1,25502,6.929255422135462,50.9455732504292
cologne,vehev1,25503,6.929415670351084,50.945729212885084
cologne,vehev1,25504,6.929574868890513,50.94586013928005
cologne,vehev1,25505,6.929728921699081,50.94598683288043
cologne,vehev1,25506,6.92988939741959,50.946118776882535
cologne,vehev1,25507,6.93004817556528,50.946249308421564
cologne,vehev1,25508,6.930203764215636,50.946377216967804
cologne,vehev1,25509,6.930399641771164,50.94651337274934
cologne,vehev1,25510,6.930611969953235,50.94667998894572
cologne,vehev1,25511,6.93076767639475,50.946808624295564
cologne,vehev1,25512,6.930920010046947,50.9469364368622
cologne,vehev1,25513,6.931072922293664,50.94706473399291
cologne,vehev1,25514,6.931233742252631,50.947199664921676
cologne,vehev1,25515,6.931393028588318,50.94733330813509
cologne,vehev1,25516,6.931553433685482,50.947467889020764
cologne,vehev1,25517,6.931713383690201,50.94760208709921
cologne,vehev1,25518,6.931868785768799,50.947732468527995
cologne,vehev1,25519,6.932028830368216,50.94786674403712
cologne,vehev1,25520,6.9321871760098945,50.9480241142966
cologne,vehev1,25521,6.932292608524101,50.948112586873975
cologne,vehev1,25522,6.932397517134777,50.94820061940031
cologne,vehev1,25523,6.9325075212272145,50.94829292727259
cologne,vehev1,25524,6.932936063872312,50.94862087987484
cologne,vehev1,25525,6.933051515758083,50.94871677391522
cologne,vehev1,25526,6.933163869047525,50.948809649299946
cologne,vehev1,25527,6.933277782597207,50.948903813970816
cologne,vehev1,25528,6.933392827206829,50.948998913119595
cologne,vehev1,25529,6.933509353585358,50.949093272524024
cologne,vehev1,25530,6.933733458015614,50.949256699046146
cologne,vehev1,25531,6.93382063473124,50.949316851757125
cologne,vehev1,25532,6.93401063074827,50.94947026641136
cologne,vehev1,25533,6.934123716613868,50.949549572310104
cologne,vehev1,25534,6.934230961739085,50.9496247818136
cologne,vehev1,25535,6.934338899296105,50.94970047656871
cologne,vehev1,25536,6.934445955906683,50.94977555319323
cologne,vehev1,25537,6.934601481840521,50.94986197322149
cologne,vehev1,25538,6.934711869378477,50.9499384775541
cologne,vehev1,25539,6.934826399316929,50.950017852414696
cologne,vehev1,25540,6.934938238150599,50.95009536184215
cologne,vehev1,25541,6.935056956952438,50.950177639006945
cologne,vehev1,25542,6.9351771827577755,50.9502594922218
cologne,vehev1,25543,6.93532677452746,50.95031757579756
cologne,vehev1,25544,6.935445403349957,50.95039820558951
cologne,vehev1,25545,6.93556189988807,50.95047738572266
cologne,vehev1,25546,6.935773651036128,50.950649202222664
cologne,vehev1,25547,6.935869353862104,50.95071643839386
cologne,vehev1,25548,6.9359726244904145,50.95078009113122
cologne,vehev1,25549,6.936083194089535,50.950845452917974
cologne,vehev1,25550,6.936320247259845,50.950941490841615
cologne,vehev1,25551,6.936492791020768,50.95096706930561
cologne,vehev1,25552,6.936672425538295,50.95096666923497
cologne,vehev1,25553,6.936842794218884,50.950932210569896
cologne,vehev1,25554,6.9369820773631785,50.95085688284682
cologne,vehev1,25555,6.937075208123088,50.950761213332996
cologne,vehev1,25556,6.93711260995207,50.95065548476989
cologne,vehev1,25557,6.937100506404536,50.95054866257905
cologne,vehev1,25558,6.9370145744727125,50.950448455802366
cologne,vehev1,25559,6.936895029784488,50.95036875379544
cologne,vehev1,25560,6.936743527411177,50.950306418602786
cologne,vehev1,25561,6.936585059622119,50.95026876143308
cologne,vehev1,25562,6.936413691792153,50.95024595364225
cologne,vehev1,25563,6.936242255896491,50.95023883425284
cologne,vehev1,25564,6.936063326352032,50.9502597075891
cologne,vehev1,25565,6.935895721856548,50.95029864230925
cologne,vehev1,25566,6.9357353975094425,50.95035057143686
cologne,vehev1,25567,6.935585806819852,50.95041394143147
cologne,vehev1,25568,6.935442959090747,50.950485313203515
cologne,vehev1,25569,6.935311889529868,50.95055514944201
cologne,vehev1,25570,6.935208654955217,50.95062420254489
cologne,vehev1,25571,6.935106608087714,50.950692460900825
cologne,vehev1,25572,6.934756044683349,50.950933292640656
cologne,vehev1,25573,6.934649170543987,50.951031897662766
cologne,vehev1,25574,6.934550134886461,50.95112327021703
cologne,vehev1,25575,6.934447781634689,50.95121770318548
cologne,vehev1,25576,6.934343083817987,50.95131429879376
cologne,vehev1,25577,6.93424023843096,50.95140862131447
cologne,vehev1,25578,6.934134734470364,50.95150485525385
cologne,vehev1,25579,6.934028893040627,50.951603401336364
cologne,vehev1,25580,6.933929337577526,50.951700831514685
cologne,vehev1,25581,6.933828904195026,50.951799120361834
cologne,vehev1,25582,6.933726476781209,50.95189936013561
cologne,vehev1,25583,6.933631327241741,50.95199247699919
cologne,vehev1,25584,6.933534859967862,50.95208688297807
cologne,vehev1,25585,6.933440385204303,50.95217933856514
cologne,vehev1,25586,6.933338150646165,50.95227938758979
cologne,vehev1,25587,6.933243576229744,50.95237193975685
cologne,vehev1,25588,6.933151673093077,50.95247536368164
cologne,vehev1,25589,6.933067237761398,50.952572267213036
cologne,vehev1,25590,6.932974725162748,50.9526784402015
cologne,vehev1,25591,6.932885292511142,50.952781077917
cologne,vehev1,25592,6.932799618752214,50.95287940122599
cologne,vehev1,25593,6.932712515506644,50.95297936458136
cologne,vehev1,25594,6.932623557355597,50.95307635030768
cologne,vehev1,25595,6.932527025684354,50.95317839247109
cologne,vehev1,25596,6.932436369835268,50.953274222902266
cologne,vehev1,25597,6.932340459455899,50.95337560727263
cologne,vehev1,25598,6.932245328400373,50.95347616731537
cologne,vehev1,25599,6.9321523594143,50.95357444139777
cologne,vehev1,25600,6.9320541317530475,50.95367827368935
cologne,vehev1,25601,6.931957039068423,50.95378090569787
cologne,vehev1,25602,6.931862399678788,50.95388094392242
cologne,vehev1,25603,6.9317653136421535,50.95398356782897
cologne,vehev1,25604,6.931667763434111,50.95408668183559
cologne,vehev1,25605,6.93157402409543,50.95418576710141
cologne,vehev1,25606,6.931481254024173,50.95428382732329
cologne,vehev1,25607,6.931387369714037,50.954381496809404
cologne,vehev1,25608,6.93129515087147,50.95447685439329
cologne,vehev1,25609,6.931203907782555,50.954571202547534
cologne,vehev1,25610,6.931110879505518,50.95466739616447
cologne,vehev1,25611,6.931017699452561,50.95476374623915
cologne,vehev1,25612,6.930921169519053,50.95486355964945
cologne,vehev1,25613,6.930829403858949,50.95495844624864
cologne,vehev1,25614,6.9307360121263635,50.95505501374205
cologne,vehev1,25615,6.930642320780142,50.95515189055004
cologne,vehev1,25616,6.930550825746734,50.95524649590051
cologne,vehev1,25617,6.930453749102706,50.95534687209606
cologne,vehev1,25618,6.930361483842041,50.95544227288775
cologne,vehev1,25619,6.9302678939393845,50.955539042854284
cologne,vehev1,25620,6.930180101563194,50.95563780822785
cologne,vehev1,25621,6.93010106736972,50.95573892175208
cologne,vehev1,25622,6.930020282759676,50.95584734895805
cologne,vehev1,25623,6.929952286908252,50.95595189202574
cologne,vehev1,25624,6.929939581658613,50.95609842078071
cologne,vehev1,25625,6.929882451750344,50.95620376285454
cologne,vehev1,25626,6.929825352258983,50.95630904832225
cologne,vehev1,25627,6.929768013655637,50.95641477416393
cologne,vehev1,25628,6.929708461248189,50.95652450452922
cologne,vehev1,25629,6.929648134975342,50.95663545600878
cologne,vehev1,25630,6.92957080608449,50.95676992961925
cologne,vehev1,25631,6.9294844357266365,50.95686624685216
cologne,vehev1,25632,6.9294609631576085,50.95698270022995
cologne,vehev1,25633,6.929435013003436,50.957098455766136
cologne,vehev1,25634,6.929408430854278,50.957215350100746
cologne,vehev1,25635,6.929380269161695,50.95733545475209
cologne,vehev1,25636,6.929343886832997,50.95745144499844
cologne,vehev1,25637,6.9293078360652,50.957566377586915
cologne,vehev1,25638,6.929270459059364,50.957685537681016
cologne,vehev1,25639,6.929235948555426,50.95779555861799
cologne,vehev1,25640,6.929200692838499,50.957907954749864
cologne,vehev1,25641,6.929164888045967,50.95802210075365
cologne,vehev1,25642,6.92913009972507,50.95813300566211
cologne,vehev1,25643,6.9290943022175036,50.95824712725906
cologne,vehev1,25644,6.929057070662174,50.958365819929845
cologne,vehev1,25645,6.929019635712646,50.958485160359096
cologne,vehev1,25646,6.9289835370332815,50.958600240216285
cologne,vehev1,25647,6.928947716609893,50.958714432411796
cologne,vehev1,25648,6.928912686329159,50.95882610512504
cologne,vehev1,25649,6.9288776342718155,50.958937846685075
cologne,vehev1,25650,6.928842814822512,50.95904884615072
cologne,vehev1,25651,6.9288106173641735,50.959168475629475
cologne,vehev1,25652,6.928711726202318,50.95946087379786
cologne,vehev1,25653,6.928697594480785,50.95954747582258
cologne,vehev1,25654,6.928688528786811,50.95963561293529
cologne,vehev1,25655,6.928704742918397,50.95972039218124
cologne,vehev1,25656,6.928734414092833,50.95980880612351
cologne,vehev1,25657,6.928778529952867,50.959894453655096
cologne,vehev1,25658,6.928834130691306,50.95997180337941
cologne,vehev1,25659,6.9289908584309385,50.960127931620264
cologne,vehev1,25660,6.929135498050825,50.96020436400625
cologne,vehev1,25661,6.929276441260551,50.96028419494917
cologne,vehev1,25662,6.929406356392464,50.9603599917716
cologne,vehev1,25663,6.929545557888631,50.960441206138526
cologne,vehev1,25664,6.9296734859080615,50.96051584282535
cologne,vehev1,25665,6.9298025703841715,50.96059115383943
cologne,vehev1,25666,6.92993052641229,50.960672729388435
cologne,vehev1,25667,6.9300598184849305,50.96075534089784
cologne,vehev1,25668,6.9301842850067565,50.96084372616801
cologne,vehev1,25669,6.930304858798998,50.9609319963437
cologne,vehev1,25670,6.9304256376598135,50.961020416191516
cologne,vehev1,25671,6.930547311090525,50.96110956350419
cologne,vehev1,25672,6.930701898675733,50.96120728479074
cologne,vehev1,25673,6.9308520196053065,50.96132919409845
cologne,vehev1,25674,6.930949188618723,50.961419327808244
cologne,vehev1,25675,6.93105055215695,50.96151274097542
cologne,vehev1,25676,6.931150914195476,50.96160523074471
cologne,vehev1,25677,6.931253620449773,50.96169988038885
cologne,vehev1,25678,6.931359652320091,50.961797594284974
cologne,vehev1,25679,6.931459966603379,50.9618900386664
cologne,vehev1,25680,6.931562036344319,50.96198410032633
cologne,vehev1,25681,6.931663566885912,50.96208054029612
cologne,vehev1,25682,6.931751589593646,50.96217672500081
cologne,vehev1,25683,6.931839632829699,50.962272931680374
cologne,vehev1,25684,6.931930531971192,50.9623722585879
cologne,vehev1,25685,6.9320231740753275,50.96247348955658
cologne,vehev1,25686,6.932113773602795,50.96257248809163
cologne,vehev1,25687,6.93219867038329,50.96266573142951
cologne,vehev1,25688,6.932279007156313,50.962765251560924
cologne,vehev1,25689,6.932437802994139,50.96297237132024
cologne,vehev1,25690,6.932516895860613,50.963073527828946
cologne,vehev1,25691,6.932596511533894,50.96317615358453
cologne,vehev1,25692,6.932670899437748,50.96327204021975
cologne,vehev1,25693,6.932755520712592,50.963368042730515
cologne,vehev1,25694,6.9328397404431445,50.96346136645634
cologne,vehev1,25695,6.932927835308511,50.96355898375352
cologne,vehev1,25696,6.933021960393754,50.963648668521486
cologne,vehev1,25697,6.933120666940808,50.9637420945006
cologne,vehev1,25698,6.933213578739163,50.96383003532316
cologne,vehev1,25699,6.933301326526113,50.96392079297278
cologne,vehev1,25700,6.933392147689205,50.96401530551646
cologne,vehev1,25701,6.93349548660857,50.96410386579554
cologne,vehev1,25702,6.933661413217402,50.96425633022648
cologne,vehev1,25703,6.933749014403204,50.96433824921923
cologne,vehev1,25704,6.93383096212963,50.96441488114425
cologne,vehev1,25705,6.933966155895066,50.96453590939964
cologne,vehev1,25706,6.93403809064247,50.96459877965431
cologne,vehev1,25707,6.934222269615113,50.96476088220792
cologne,vehev1,25708,6.934325720158035,50.964853204009984
cologne,vehev1,25709,6.934431853148748,50.9649479192245
cologne,vehev1,25710,6.934538634969824,50.9650432129881
cologne,vehev1,25711,6.934654467938667,50.965135906890914
cologne,vehev1,25712,6.934779246876419,50.965224158863755
cologne,vehev1,25713,6.934906396249272,50.96531408688986
cologne,vehev1,25714,6.935028012324391,50.96540010097028
cologne,vehev1,25715,6.935153701206374,50.965487288194076
cologne,vehev1,25716,6.935283496530994,50.96557387404543
cologne,vehev1,25717,6.935404901554409,50.96565486234842
cologne,vehev1,25718,6.935526968546614,50.96573629183822
cologne,vehev1,25719,6.935650341997822,50.96581943223899
cologne,vehev1,25720,6.935769269280725,50.965900606165114
cologne,vehev1,25721,6.93589281628606,50.965984932863336
cologne,vehev1,25722,6.936013588093479,50.9660673649399
cologne,vehev1,25723,6.936142830212166,50.96615606911191
cologne,vehev1,25724,6.936272546886234,50.96624528512176
cologne,vehev1,25725,6.936392097612956,50.96632750881147
cologne,vehev1,25726,6.936519606207639,50.96641520525279
cologne,vehev1,25727,6.936648350009938,50.9665037507599
cologne,vehev1,25728,6.936774924396256,50.966590803756255
cologne,vehev1,25729,6.936904576134084,50.9666799727618
cologne,vehev1,25730,6.9370306496897545,50.966765176701706
cologne,vehev1,25731,6.937162375807163,50.96685262727449
cologne,vehev1,25732,6.9372916725663885,50.96693846458122
cologne,vehev1,25733,6.9374182297914295,50.967022482730044
cologne,vehev1,25734,6.93754115400878,50.96710408859932
cologne,vehev1,25735,6.937665803436232,50.967186839366136
cologne,vehev1,25736,6.937796273018084,50.96727345349423
cologne,vehev1,25737,6.937924598429444,50.96735864373156
cologne,vehev1,25738,6.938052220350584,50.967447863831495
cologne,vehev1,25739,6.938182220701384,50.96753544949972
cologne,vehev1,25740,6.9383176842769725,50.96761927848811
cologne,vehev1,25741,6.938457197096924,50.967702453508124
cologne,vehev1,25742,6.938586423333826,50.96777744951319
cologne,vehev1,25743,6.93872043991085,50.96784945729795
cologne,vehev1,25744,6.938863313186968,50.967926223420854
cologne,vehev1,25745,6.939023883890918,50.967989742729884
cologne,vehev1,25746,6.939177372890984,50.968041728994976
cologne,vehev1,25747,6.939347194804364,50.96808655577034
cologne,vehev1,25748,6.939695618359395,50.968155883427464
cologne,vehev1,25749,6.939833030345258,50.96817977299638
cologne,vehev1,25750,6.939968688547173,50.96820335748172
cologne,vehev1,25751,6.9400973325517805,50.968222026645954
cologne,vehev1,25752,6.940435850296882,50.96825517836869
cologne,vehev1,25753,6.940563131373659,50.96827267654038
cologne,vehev1,25754,6.940854838029046,50.96831291571903
cologne,vehev1,25755,6.941015639189774,50.96833351582749
cologne,vehev1,25756,6.941178790236085,50.968354416733746
cologne,vehev1,25757,6.941342344353271,50.968375369029665
cologne,vehev1,25758,6.941499915838816,50.968395554679596
cologne,vehev1,25759,6.941659080483016,50.968415944187775
cologne,vehev1,25760,6.941825640979446,50.96843728087801
cologne,vehev2,25200,6.966495623983069,50.92279599448335
cologne,vehev2,25201,6.9663345000437635,50.92275851080074
cologne,vehev2,25202,6.966190089688855,50.92271575489557
cologne,vehev2,25203,6.9660408426154365,50.922671566703514
cologne,vehev2,25204,6.965888177726824,50.92262636630255
cologne,vehev2,25205,6.96573882013947,50.92258214483757
cologne,vehev2,25206,6.965586167892081,50.92253694761443
cologne,vehev2,25207,6.965430854710753,50.922490962249896
cologne,vehev2,25208,6.965279630503053,50.922446187270936
cologne,vehev2,25209,6.965127073685699,50.92240101744442
cologne,vehev2,25210,6.964971488942131,50.92235495079982
cologne,vehev2,25211,6.964828926962813,50.92230965381059
cologne,vehev2,25212,6.964685521701112,50.92226228157164
cologne,vehev2,25213,6.964544685804927,50.922216365569106
cologne,vehev2,25214,6.964392283140309,50.92216667822112
cologne,vehev2,25215,6.964251300450309,50.922120713820796
cologne,vehev2,25216,6.964099470935104,50.92207121275445
cologne,vehev2,25217,6.96395790786945,50.92202505859386
cologne,vehev2,25218,6.963802803583979,50.9219744892554
cologne,vehev2,25219,6.963355649955362,50.921848370109
cologne,vehev2,25220,6.963205315548224,50.92181332054975
cologne,vehev2,25221,6.96305945469365,50.92178023059349
cologne,vehev2,25222,6.962908781429219,50.921752364066144
cologne,vehev2,25223,6.962760690877257,50.92172526378426
cologne,vehev2,25224,6.962619294316302,50.921699388285795
cologne,vehev2,25225,6.9624740527366855,50.92167280894353
cologne,vehev2,25226,6.962319521620544,50.921644529376856
cologne,vehev2,25227,6.962178780374445,50.92161877318265
cologne,vehev2,25228,6.961850630228264,50.921560051556945
cologne,vehev2,25229,6.961744486158803,50.92154245183275
cologne,vehev2,25230,6.9614911809173385,50.921508347213546
cologne,vehev2,25231,6.961324519678455,50.92148995157736
cologne,vehev2,25232,6.961156811555184,50.92146306708922
cologne,vehev2,25233,6.960996899852093,50.921437427315134
cologne,vehev2,25234,6.960827269893868,50.92140971099379
cologne,vehev2,25235,6.9606573674491745,50.92138194987107
cologne,vehev2,25236,6.9604956747332585,50.921355532553704
cologne,vehev2,25237,6.960338024588191,50.9213298156928
cologne,vehev2,25238,6.960179140779919,50.92130389734599
cologne,vehev2,25239,6.960014367165815,50.92127766498049
cologne,vehev2,25240,6.959757151738975,50.921238477883364
cologne,vehev2,25241,6.959547009180002,50.92124177823087
cologne,vehev2,25242,6.9593993104775125,50.9211619002777
cologne,vehev2,25243,6.959191051076682,50.92115038515979
cologne,vehev2,25244,6.959019166764925,50.92118563196932
cologne,vehev2,25245,6.958868956798928,50.92123707076457
cologne,vehev2,25246,6.958717831614231,50.92129868606671
cologne,vehev2,25247,6.958567697895598,50.92135989677903
cologne,vehev2,25248,6.958421599064201,50.92141946209234
cologne,vehev2,25249,6.958274671366728,50.921481552242795
cologne,vehev2,25250,6.958131051263026,50.92154286235174
cologne,vehev2,25251,6.957981283254253,50.92160679658112
cologne,vehev2,25252,6.957838657044568,50.921667681713686
cologne,vehev2,25253,6.957690635970747,50.921730869481834
cologne,vehev2,25254,6.9575516873704295,50.921790184029575
cologne,vehev2,25255,6.9574065721189795,50.92185213066338
cologne,vehev2,25256,6.957255078340338,50.92191679978339
cologne,vehev2,25257,6.957105662522184,50.92198058149865
cologne,vehev2,25258,6.956971358044508,50.92204677527873
cologne,vehev2,25259,6.956846881285547,50.922122738814565
cologne,vehev2,25260,6.956493614702019,50.922343687294564
cologne,vehev2,25261,6.956405914112779,50.92239934833385
cologne,vehev2,25262,6.956315119289671,50.92245697298178
cologne,vehev2,25263,6.956157108300803,50.9225463980097
cologne,vehev2,25264,6.956013581674487,50.922608162128476
cologne,vehev2,25265,6.955864502943851,50.92267231513193
cologne,vehev2,25266,6.95574004790156,50.922761803026994
cologne,vehev2,25267,6.95559344524538,50.922824873218886
cologne,vehev2,25268,6.9554396852249605,50.92289102220785
cologne,vehev2,25269,6.955296243614605,50.92295273176512
cologne,vehev2,25270,6.955146603247831,50.92301710770356
cologne,vehev2,25271,6.954992926562005,50.92308321969501
cologne,vehev2,25272,6.954852223702264,50.92314684717928
cologne,vehev2,25273,6.954702868020098,50.923214506114476
cologne,vehev2,25274,6.954550730897804,50.92328342465412
cologne,vehev2,25275,6.95439822056044,50.92335251185296
cologne,vehev2,25276,6.954250495683223,50.923419430848135
cologne,vehev2,25277,6.954109943335277,50.9234831003497
cologne,vehev2,25278,6.953960676169293,50.92355071723956
cologne,vehev2,25279,6.9538075355361775,50.9236200883736
cologne,vehev2,25280,6.953657411478018,50.92368809263017
cologne,vehev2,25281,6.9535055119028115,50.92375690076985
cologne,vehev2,25282,6.9532614204705885,50.923850342159035
cologne,vehev2,25283,6.953140255708743,50.92390245197386
cologne,vehev2,25284,6.953026635694561,50.92395325495667
cologne,vehev2,25285,6.9529142544764575,50.92400430397376
cologne,vehev2,25286,6.9527999122137025,50.924054972731845
cologne,vehev2,25287,6.952412098074795,50.92424792568701
cologne,vehev2,25288,6.9523399982354706,50.92428034323857
cologne,vehev2,25289,6.952177814236045,50.92435881200728
cologne,vehev2,25290,6.952065830502568,50.92439939028053
cologne,vehev2,25291,6.9519557724791605,50.924439270580855
cologne,vehev2,25292,6.9517276878298455,50.924532516235644
cologne,vehev2,25293,6.951577192357517,50.92460062521266
cologne,vehev2,25294,6.951433247813204,50.92466576909715
cologne,vehev2,25295,6.951282697760727,50.92473390199686
cologne,vehev2,25296,6.951139119053491,50.924798879575356
cologne,vehev2,25297,6.950996632518988,50.924863362525386
cologne,vehev2,25298,6.950837743988714,50.92493071079266
cologne,vehev2,25299,6.950680053745102,50.924994882218336
cologne,vehev2,25300,6.950519521679529,50.92506020970765
cologne,vehev2,25301,6.950364907336,50.92512312863219
cologne,vehev2,25302,6.950212455797379,50.925185167051794
cologne,vehev2,25303,6.950056435096717,50.9252486575201
cologne,vehev2,25304,6.949905897071085,50.92530991652402
cologne,vehev2,25305,6.949749374880515,50.92537361935121
cologne,vehev2,25306,6.9495978544089265,50.925435293353544
cologne,vehev2,25307,6.949442329749504,50.92549859681865
cologne,vehev2,25308,6.9492846014057905,50.92556279686165
cologne,vehev2,25309,6.949135949840729,50.925623302029784
cologne,vehev2,25310,6.948976021756425,50.92568839665228
cologne,vehev2,25311,6.948821160859414,50.925751428420035
cologne,vehev2,25312,6.948671039498437,50.925812530730354
cologne,vehev2,25313,6.948509353107456,50.92587833983316
cologne,vehev2,25314,6.948358611412057,50.92593969388616
cologne,vehev2,25315,6.948206621024631,50.9260015558104
cologne,vehev2,25316,6.948056730623369,50.9260625626564
cologne,vehev2,25317,6.947908718412213,50.926122804711504
cologne,vehev2,25318,6.94774908700756,50.92618777547451
cologne,vehev2,25319,6.947588476554709,50.92625314430744
cologne,vehev2,25320,6.947409143705582,50.92628401034871
cologne,vehev2,25321,6.947128038458604,50.926333188064085
cologne,vehev2,25322,6.946984029149874,50.92635819693445
cologne,vehev2,25323,6.946833370988725,50.92638610880712
cologne,vehev2,25324,6.9466895209551724,50.92641411383475
cologne,vehev2,25325,6.946448915747596,50.92647511877973
cologne,vehev2,25326,6.946300049758314,50.92653101317689
cologne,vehev2,25327,6.946160535023636,50.92659110164009
cologne,vehev2,25328,6.946017578925291,50.92665454798939
cologne,vehev2,25329,6.9458782658366784,50.926725428415985
cologne,vehev2,25330,6.945739101672724,50.926796232685895
cologne,vehev2,25331,6.945596940863208,50.926868561197736
cologne,vehev2,25332,6.945467126641678,50.926934607666475
cologne,vehev2,25333,6.945332428928944,50.927003138387455
cologne,vehev2,25334,6.945079211594351,50.927134474315906
cologne,vehev2,25335,6.944945339717652,50.92720166379785
cologne,vehev2,25336,6.944812392281028,50.92726052000297
cologne,vehev2,25337,6.9446850646556255,50.927320564607854
cologne,vehev2,25338,6.944564154995399,50.92739390873672
cologne,vehev2,25339,6.944439234930216,50.92746968520882
cologne,vehev2,25340,6.944260091333154,50.92757843549981
cologne,vehev2,25341,6.944149119123022,50.92764617236588
cologne,vehev2,25342,6.944036943426168,50.92771464352233
cologne,vehev2,25343,6.9438650458346185,50.92782519541929
cologne,vehev2,25344,6.943742502564267,50.92790999330386
cologne,vehev2,25345,6.943630173612681,50.92798772266136
cologne,vehev2,25346,6.943515876335015,50.928072257810506
cologne,vehev2,25347,6.943403989533925,50.92815992693319
cologne,vehev2,25348,6.943295793222007,50.92824470394314
cologne,vehev2,25349,6.943073101739051,50.92844169146682
cologne,vehev2,25350,6.943041581655132,50.92847070980839
cologne,vehev2,25351,6.943011023582659,50.928498842449756
cologne,vehev2,25352,6.9429906677939375,50.928518206593445
cologne,vehev2,25353,6.9429802510382475,50.9285294953185
cologne,vehev2,25354,6.942690913366525,50.92879216497866
cologne,vehev2,25355,6.942624336891231,50.92884332935058
cologne,vehev2,25356,6.942541225674884,50.92890827412919
cologne,vehev2,25357,6.942435831837699,50.92897562068319
cologne,vehev2,25358,6.942322666087791,50.92904702093369
cologne,vehev2,25359,6.9422085671812885,50.92911711155243
cologne,vehev2,25360,6.942103386060603,50.9291817237122
cologne,vehev2,25361,6.941997729984251,50.92924662735478
cologne,vehev2,25362,6.941889716091277,50.9293180179145
cologne,vehev2,25363,6.941645261661085,50.92948502787853
cologne,vehev2,25364,6.941530190403778,50.92956194313237
cologne,vehev2,25365,6.941480756387406,50.929670103542264
cologne,vehev2,25366,6.9414351279725865,50.929780003262756
cologne,vehev2,25367,6.941389658112806,50.92988952053609
cologne,vehev2,25368,6.94134618643519,50.929994224533175
cologne,vehev2,25369,6.9413021596995526,50.93010026490319
cologne,vehev2,25370,6.94125959118818,50.93020279258111
cologne,vehev2,25371,6.941216084960215,50.93030757827938
cologne,vehev2,25372,6.941172207922498,50.93041325656775
cologne,vehev2,25373,6.941127526169623,50.93052087249099
cologne,vehev2,25374,6.941083673211472,50.930626491743865
cologne,vehev2,25375,6.9410188028826605,50.93078543081665
cologne,vehev2,25376,6.940982810707541,50.930878989333706
cologne,vehev2,25377,6.940948457167904,50.930968287984854
cologne,vehev2,25378,6.940911585057775,50.9310641330039
cologne,vehev2,25379,6.940833873428001,50.93126207308729
cologne,vehev2,25380,6.940788807605304,50.93136615690247
cologne,vehev2,25381,6.940742822462161,50.93147327915791
cologne,vehev2,25382,6.9406952850864405,50.93158401677713
cologne,vehev2,25383,6.940647301066819,50.93169579427206
cologne,vehev2,25384,6.940602189007591,50.9318008810852
cologne,vehev2,25385,6.940555846274004,50.9319088341757
cologne,vehev2,25386,6.94051077623453,50.932013822072044
cologne,vehev2,25387,6.940462527952472,50.93212621292529
cologne,vehev2,25388,6.940417563825213,50.93223095305403
cologne,vehev2,25389,6.940369245302074,50.93234350639891
cologne,vehev2,25390,6.940323214933978,50.93245072916255
cologne,vehev2,25391,6.9402773137647955,50.93255765044221
cologne,vehev2,25392,6.940229882788089,50.932668134670365
cologne,vehev2,25393,6.940183690969202,50.932775731900996
cologne,vehev2,25394,6.940138874397906,50.932880125177824
cologne,vehev2,25395,6.940092466655614,50.93298822431079
cologne,vehev2,25396,6.939997503699027,50.93321290766013
cologne,vehev2,25397,6.939953396967105,50.93330820806796
cologne,vehev2,25398,6.939908155244325,50.93340192423402
cologne,vehev2,25399,6.9398624672294655,50.93349656445943
cologne,vehev2,25400,6.939816961006882,50.933590827698225
cologne,vehev2,25401,6.939748203752287,50.933736352227285
cologne,vehev2,25402,6.939701425144036,50.93383892182347
cologne,vehev2,25403,6.939659221022282,50.93393659791825
cologne,vehev2,25404,6.939618543106252,50.934034294121815
cologne,vehev2,25405,6.939575666583866,50.93413727024413
cologne,vehev2,25406,6.939533540413002,50.9342374958837
cologne,vehev2,25407,6.939491701518676,50.93433670570858
cologne,vehev2,25408,6.939449358027701,50.93443711158751
cologne,vehev2,25409,6.93940801529445,50.93453514399703
cologne,vehev2,25410,6.939334426227151,50.934761631377675
cologne,vehev2,25411,6.939317148685354,50.93485266476064
cologne,vehev2,25412,6.9392986435689155,50.93495016566389
cologne,vehev2,25413,6.939281570448312,50.935040121184855
cologne,vehev2,25414,6.939263865847722,50.93513340347271
cologne,vehev2,25415,6.939231942520138,50.93530052562523
cologne,vehev2,25416,6.939220521074521,50.93536034477109
cologne,vehev2,25417,6.939175908102826,50.935558317890184
cologne,vehev2,25418,6.9391514797677685,50.93566167451863
cologne,vehev2,25419,6.939126675831907,50.9357666198137
cologne,vehev2,25420,6.939103190125863,50.93587003788482
cologne,vehev2,25421,6.939081944694268,50.93597233567001
cologne,vehev2,25422,6.93906244686742,50.93607523686774
cologne,vehev2,25423,6.939045708329589,50.93618194105905
cologne,vehev2,25424,6.939038958694944,50.93628913764448
cologne,vehev2,25425,6.939047355874239,50.936465142892196
cologne,vehev2,25426,6.939068980552511,50.936579899015165
cologne,vehev2,25427,6.9390932671420815,50.93669132105749
cologne,vehev2,25428,6.939119642348595,50.93680251984844
cologne,vehev2,25429,6.939147385633004,50.9369194859583
cologne,vehev2,25430,6.939175392834232,50.93703756417843
cologne,vehev2,25431,6.939200856567318,50.937144918655186
cologne,vehev2,25432,6.939227854318187,50.93725873999909
cologne,vehev2,25433,6.939254596228334,50.93737148220775
cologne,vehev2,25434,6.9392805693933965,50.93748098293837
cologne,vehev2,25435,6.9393083559651085,50.93759812829997
cologne,vehev2,25436,6.939334625989397,50.93770887953612
cologne,vehev2,25437,6.939360700835029,50.93781880742711
cologne,vehev2,25438,6.939386175506465,50.937926204591
cologne,vehev2,25439,6.939413648160763,50.93804202440469
cologne,vehev2,25440,6.939440310173482,50.93814981978217
cologne,vehev2,25441,6.939507994047828,50.93830518121397
cologne,vehev2,25442,6.9395291812915865,50.93839813595711
cologne,vehev2,25443,6.939549960679246,50.93848930097241
cologne,vehev2,25444,6.9395724348855925,50.938580342072356
cologne,vehev2,25445,6.939599436008793,50.93867969116559
cologne,vehev2,25446,6.939624249036173,50.93877098892522
cologne,vehev2,25447,6.939641604330149,50.938902825298584
cologne,vehev2,25448,6.939678714752369,50.93903008850658
cologne,vehev2,25449,6.93970510718003,50.939142206796106
cologne,vehev2,25450,6.939733496703699,50.93925532797084
cologne,vehev2,25451,6.9397624234106745,50.93937058907097
cologne,vehev2,25452,6.939792341203994,50.939489798671026
cologne,vehev2,25453,6.93982122811702,50.939604900100626
cologne,vehev2,25454,6.939850834614893,50.939722868189484
cologne,vehev2,25455,6.939879966399375,50.939838944209015
cologne,vehev2,25456,6.939907471655541,50.93995097886287
cologne,vehev2,25457,6.939934809551251,50.940065316835344
cologne,vehev2,25458,6.939961359437511,50.940176358526585
cologne,vehev2,25459,6.939987544002888,50.940285871813465
cologne,vehev2,25460,6.9400158137823,50.94040528356887
cologne,vehev2,25461,6.9400231318125645,50.940436755407646
cologne,vehev2,25462,6.940089884295208,50.94068459766675
cologne,vehev2,25463,6.940114044370269,50.94078020629984
cologne,vehev2,25464,6.940138624344445,50.940877408068836
cologne,vehev2,25465,6.940162773560362,50.94097290602161
cologne,vehev2,25466,6.940188380713505,50.94107416897041
cologne,vehev2,25467,6.940212429167799,50.94116926769367
cologne,vehev2,25468,6.940237871493671,50.94126987802597
cologne,vehev2,25469,6.940263107078782,50.94136967040193
cologne,vehev2,25470,6.940287769120105,50.94146719434324
cologne,vehev2,25471,6.94033554318248,50.941654876810595
cologne,vehev2,25472,6.9403605987746415,50.941752164938215
cologne,vehev2,25473,6.940384470364244,50.941844855350794
cologne,vehev2,25474,6.940409955382352,50.94194234381574
cologne,vehev2,25475,6.9404358810142766,50.94203562275398
cologne,vehev2,25476,6.940462586670662,50.942131707798644
cologne,vehev2,25477,6.940475065601018,50.94222333194436
cologne,vehev2,25478,6.9404890361878815,50.942316086157504
cologne,vehev2,25479,6.940506128372462,50.94241465838346
cologne,vehev2,25480,6.940517696377165,50.94250929737882
cologne,vehev2,25481,6.940524797863738,50.94260464544949
cologne,vehev2,25482,6.940446202227099,50.9429287968698
cologne,vehev2,25483,6.9404836096083615,50.94302812550346
cologne,vehev2,25484,6.94054790661647,50.94311636636629
cologne,vehev2,25485,6.940627628533194,50.9432001849638
cologne,vehev2,25486,6.940710411549222,50.94328545969884
cologne,vehev2,25487,6.94079285695758,50.943370386301055
cologne,vehev2,25488,6.9408753093813,50.94345531976713
cologne,vehev2,25489,6.940958756467372,50.943541277456276
cologne,vehev2,25490,6.941046121151451,50.9436312702109
cologne,vehev2,25491,6.941132506600948,50.94372025387366
cologne,vehev2,25492,6.941218814193855,50.94380915694058
cologne,vehev2,25493,6.941350326420175,50.94394594266091
cologne,vehev2,25494,6.941434122719803,50.9440341864311
cologne,vehev2,25495,6.941522588786447,50.94412734739337
cologne,vehev2,25496,6.941609090594368,50.94421843943474
cologne,vehev2,25497,6.941695679937277,50.94430962324134
cologne,vehev2,25498,6.9417813415756,50.94439982971057
cologne,vehev2,25499,6.9418645661833605,50.94448746946206
cologne,vehev2,25500,6.941950901447243,50.94457838448772
cologne,vehev2,25501,6.942047127137578,50.944668232204016
cologne,vehev2,25502,6.942143786764583,50.9447505446472
cologne,vehev2,25503,6.94234349783884,50.94470348634933
cologne,vehev2,25504,6.942487779756531,50.944645015392325
cologne,vehev2,25505,6.942623029160895,50.94458258485325
cologne,vehev2,25506,6.9427599716422455,50.94452796221473
cologne,vehev2,25507,6.942902383390429,50.944471157724585
cologne,vehev2,25508,6.943041922122103,50.944415498902885
cologne,vehev2,25509,6.943179337823969,50.94436068661327
cologne,vehev2,25510,6.943318843003612,50.9443050405735
cologne,vehev2,25511,6.9434603812953215,50.94424858325335
cologne,vehev2,25512,6.943597817937208,50.944195215664095
cologne,vehev2,25513,6.943872646746358,50.94411283228677
cologne,vehev2,25514,6.9440227732417945,50.9440575066388
cologne,vehev2,25515,6.944180281997301,50.94400574253882
cologne,vehev2,25516,6.9443405851803846,50.94395538677634
cologne,vehev2,25517,6.944509832365194,50.943914674770824
cologne,vehev2,25518,6.944684856726153,50.94386989321921
cologne,vehev2,25519,6.944852673537104,50.943825250843986
cologne,vehev2,25520,6.945029402302099,50.94379531144984
cologne,vehev2,25521,6.94521690902205,50.94377197502881
cologne,vehev2,25522,6.945483764427492,50.94374846377113
cologne,vehev2,25523,6.945657767026803,50.94373299852673
cologne,vehev2,25524,6.9458241047100895,50.943713892283924
cologne,vehev2,25525,6.9459801374464405,50.943683256705185
cologne,vehev2,25526,6.946145103239362,50.94364797834593
cologne,vehev2,25527,6.9463046886762,50.94356935374204
cologne,vehev2,25528,6.946463555129613,50.943516693417784
cologne,vehev2,25529,6.946611286589711,50.94346772376648
cologne,vehev2,25530,6.946757189828888,50.9434112107945
cologne,vehev2,25531,6.946896319018213,50.94335112376651
cologne,vehev2,25532,6.947042733659297,50.94329375447516
cologne,vehev2,25533,6.947193934446929,50.943239579491504
cologne,vehev2,25534,6.947346287232495,50.94318499142023
cologne,vehev2,25535,6.947898350254553,50.943078193208294
cologne,vehev2,25536,6.9480195252463135,50.94305933520108
cologne,vehev2,25537,6.948142488461414,50.94303939732346
cologne,vehev2,25538,6.948266763459978,50.94301924659696
cologne,vehev2,25539,6.948392296286223,50.942998891765654
cologne,vehev2,25540,6.948508043623007,50.94298012349074
cologne,vehev2,25541,6.948696361040708,50.942982027544254
cologne,vehev2,25542,6.948845095156099,50.942960931746335
cologne,vehev2,25543,6.949105244403859,50.94291917312274
cologne,vehev2,25544,6.9492769673592125,50.94289078755357
cologne,vehev2,25545,6.949443630080506,50.94286323815815
cologne,vehev2,25546,6.949612335072723,50.94283535089786
cologne,vehev2,25547,6.949783182348845,50.94280695010547
cologne,vehev2,25548,6.949946323357762,50.94277376075136
cologne,vehev2,25549,6.950116559008443,50.94273912777031
cologne,vehev2,25550,6.950294469411721,50.94270293310452
cologne,vehev2,25551,6.950470201818054,50.94266718121408
cologne,vehev2,25552,6.950665017815898,50.942586800497764
cologne,vehev2,25553,6.950806118119555,50.942549977134085
cologne,vehev2,25554,6.951082135199189,50.94249604243649
cologne,vehev2,25555,6.951244981136222,50.942471082220635
cologne,vehev2,25556,6.951410819987766,50.94244846120743
cologne,vehev2,25557,6.951573888941711,50.94243353920791
cologne,vehev2,25558,6.9517459310025185,50.94241779584562
cologne,vehev2,25559,6.951919043653782,50.94241326058047
cologne,vehev2,25560,6.9520826548885655,50.94241246844928
cologne,vehev2,25561,6.952254511174965,50.94241669244084
cologne,vehev2,25562,6.95242537058056,50.94243023373259
cologne,vehev2,25563,6.952637124484152,50.94241285499934
cologne,vehev2,25564,6.9526420561137785,50.942323732780416
cologne,vehev2,25565,6.952647013303744,50.94223414821129
cologne,vehev2,25566,6.952651980567159,50.94214438116074
cologne,vehev2,25567,6.952656825862379,50.94205681786462
cologne,vehev2,25568,6.952661527803756,50.94197184483461
cologne,vehev2,25569,6.95266632854232,50.941885085946446
cologne,vehev2,25570,6.952671388061539,50.94179364993459
cologne,vehev2,25571,6.952676296901142,50.9417049365817
cologne,vehev2,25572,6.952701039407126,50.94128577131725
cologne,vehev2,25573,6.952707282859718,50.94123703050234
cologne,vehev2,25574,6.9527230608445345,50.9411912031294
cologne,vehev2,25575,6.952768989290813,50.941056395561816
cologne,vehev2,25576,6.952807293693717,50.9409532633418
cologne,vehev2,25577,6.952834327431083,50.94084783205342
cologne,vehev2,25578,6.952856696499724,50.94073866209339
cologne,vehev2,25579,6.952876237759243,50.94063116646329
cologne,vehev2,25580,6.9528958693567615,50.94052317334285
cologne,vehev2,25581,6.9529163015277415,50.94041077569986
cologne,vehev2,25582,6.9529362759573505,50.94030338640568
cologne,vehev2,25583,6.952960288293483,50.94019562478516
cologne,vehev3,25200,6.981598495260275,50.96108610738734
cologne,vehev3,25201,6.981568296400901,50.96101545986327
cologne,vehev3,25202,6.981536414850724,50.96094087560125
cologne,vehev3,25203,6.98150524140119,50.96086794765036
cologne,vehev3,25204,6.981437191632641,50.960720252150395
cologne,vehev3,25205,6.981402202476875,50.96064520197079
cologne,vehev3,25206,6.981361566000602,50.9604917333517
cologne,vehev3,25207,6.981306988707445,50.960381014301056
cologne,vehev3,25208,6.981236870435747,50.96027737986354
cologne,vehev3,25209,6.98116192992277,50.96017403816892
cologne,vehev3,25210,6.981064312528529,50.96007190184142
cologne,vehev3,25211,6.980964599087115,50.95997440918438
cologne,vehev3,25212,6.9808456281343325,50.959885840192705
cologne,vehev3,25213,6.980722031905897,50.95980839349652
cologne,vehev3,25214,6.980581605643386,50.95972961145193
cologne,vehev3,25215,6.980444858507395,50.95965901717674
cologne,vehev3,25216,6.980303283826908,50.95959509536758
cologne,vehev3,25217,6.980147657119727,50.95952420350255
cologne,vehev3,25218,6.979997604661089,50.95945535622571
cologne,vehev3,25219,6.979848155008925,50.959386785138406
cologne,vehev3,25220,6.979698374916225,50.95931806204555
cologne,vehev3,25221,6.97955457189218,50.95925208102211
cologne,vehev3,25222,6.979412725766659,50.95918699752687
cologne,vehev3,25223,6.979266612254375,50.959119955651886
cologne,vehev3,25224,6.979119514297361,50.95905246170326
cologne,vehev3,25225,6.97897186437414,50.95898471411211
cologne,vehev3,25226,6.978830885823832,50.95892002725376
cologne,vehev3,25227,6.978686768030377,50.9588535786537
cologne,vehev3,25228,6.978541487523884,50.958784392964155
cologne,vehev3,25229,6.978389397950039,50.95871196424022
cologne,vehev3,25230,6.97823960467449,50.95864062865833
cologne,vehev3,25231,6.978095867614252,50.958572176825776
cologne,vehev3,25232,6.977951683524812,50.95850351172776
cologne,vehev3,25233,6.977802458158238,50.95843018791496
cologne,vehev3,25234,6.977664892567695,50.95836245627135
cologne,vehev3,25235,6.9775174083649425,50.958289840715004
cologne,vehev3,25236,6.977368309124596,50.95821568310235
cologne,vehev3,25237,6.977124444675543,50.95808345796111
cologne,vehev3,25238,6.97699530180433,50.95800586500179
cologne,vehev3,25239,6.976865489399503,50.95792786936552
cologne,vehev3,25240,6.9767354130092505,50.95784971471488
cologne,vehev3,25241,6.976608530379241,50.95777347860339
cologne,vehev3,25242,6.976485401545615,50.95769949755445
cologne,vehev3,25243,6.9763596853486405,50.95762396153434
cologne,vehev3,25244,6.97622719230534,50.95754435326819
cologne,vehev3,25245,6.976098644898054,50.957467115331994
cologne,vehev3,25246,6.975974941992519,50.95739278785112
cologne,vehev3,25247,6.975853312504012,50.957319705836944
cologne,vehev3,25248,6.97572686743271,50.95724594143258
cologne,vehev3,25249,6.975594993895446,50.95717113702788
cologne,vehev3,25250,6.9754585957130155,50.95709376564178
cologne,vehev3,25251,6.975333134164863,50.95702320999352
cologne,vehev3,25252,6.975118064365726,50.95690290214641
cologne,vehev3,25253,6.975036698907264,50.95685732840493
cologne,vehev3,25254,6.974959564440079,50.95681416482021
cologne,vehev3,25255,6.974779925210408,50.956713143360446
cologne,vehev3,25256,6.974656594749481,50.95664279967758
cologne,vehev3,25257,6.974534335636152,50.95657306672121
cologne,vehev3,25258,6.974412142547951,50.956503371090044
cologne,vehev3,25259,6.974289438697312,50.95643338379819
cologne,vehev3,25260,6.974162078220404,50.95636074012432
cologne,vehev3,25261,6.9740344736639726,50.95628646838323
cologne,vehev3,25262,6.973695320505278,50.95608410591795
cologne,vehev3,25263,6.9735695779740325,50.95600451935479
cologne,vehev3,25264,6.973453576985487,50.95593043995825
cologne,vehev3,25265,6.973333690950661,50.95585387916689
cologne,vehev3,25266,6.97321105964875,50.955775564827974
cologne,vehev3,25267,6.973091085172017,50.955698946804844
cologne,vehev3,25268,6.972968671815694,50.95562050917668
cologne,vehev3,25269,6.972844272316295,50.955540612105345
cologne,vehev3,25270,6.9727231480880105,50.955462818229186
cologne,vehev3,25271,6.972600897124906,50.95538437580806
cologne,vehev3,25272,6.97247532623278,50.95530493548972
cologne,vehev3,25273,6.972358678523085,50.95523113991272
cologne,vehev3,25274,6.972240416206388,50.95515632252239
cologne,vehev3,25275,6.972122440687605,50.95508443693555
cologne,vehev3,25276,6.97199618527505,50.95500576140815
cologne,vehev3,25277,6.971882793081024,50.954930840981056
cologne,vehev3,25278,6.971760676954014,50.95485015609295
cologne,vehev3,25279,6.971646818252824,50.954774926709625
cologne,vehev3,25280,6.971522068553546,50.954692500960206
cologne,vehev3,25281,6.971401473011406,50.954612819582955
cologne,vehev3,25282,6.971285947042563,50.95453648746802
cologne,vehev3,25283,6.971168494389779,50.95445888195445
cologne,vehev3,25284,6.971053397265868,50.954382461270285
cologne,vehev3,25285,6.970742413029704,50.95415867751448
cologne,vehev3,25286,6.970627631050884,50.95407079436746
cologne,vehev3,25287,6.970512480229681,50.95398262837346
cologne,vehev3,25288,6.9703991276228106,50.953895838762094
cologne,vehev3,25289,6.970289371369366,50.95381180232784
cologne,vehev3,25290,6.970183203200187,50.95373051277878
cologne,vehev3,25291,6.970068998362695,50.9536417538172
cologne,vehev3,25292,6.969957311487279,50.95355452758794
cologne,vehev3,25293,6.969847003477741,50.953468377817046
cologne,vehev3,25294,6.969741924117821,50.95338631119536
cologne,vehev3,25295,6.969633143801018,50.95330135373918
cologne,vehev3,25296,6.969475932738594,50.953175095205644
cologne,vehev3,25297,6.969396618669302,50.9531084940741
cologne,vehev3,25298,6.96931604931395,50.95304083861407
cologne,vehev3,25299,6.969130282148367,50.952888536901156
cologne,vehev3,25300,6.9690370502430214,50.952801898916924
cologne,vehev3,25301,6.968935931081123,50.952712547507026
cologne,vehev3,25302,6.968837673770456,50.952630975987205
cologne,vehev3,25303,6.968735170960097,50.95254587953893
cologne,vehev3,25304,6.968629903974227,50.95245848789703
cologne,vehev3,25305,6.968483008915752,50.95233075042608
cologne,vehev3,25306,6.968382439647336,50.95224041356352
cologne,vehev3,25307,6.96828518334026,50.95215305217498
cologne,vehev3,25308,6.968186651433747,50.95206454455568
cologne,vehev3,25309,6.968089897115598,50.951977633276044
cologne,vehev3,25310,6.967997458294326,50.9518946762802
cologne,vehev3,25311,6.967828440860446,50.951734717756686
cologne,vehev3,25312,6.967731806882609,50.95163593837425
cologne,vehev3,25313,6.967641865958545,50.95154391704157
cologne,vehev3,25314,6.9675528479284035,50.95145270246208
cologne,vehev3,25315,6.96745620124894,50.95135361239946
cologne,vehev3,25316,6.967356907048166,50.951256021695684
cologne,vehev3,25317,6.967262203583805,50.9511646265855
cologne,vehev3,25318,6.967167125111217,50.951072790362275
cologne,vehev3,25319,6.967068807587573,50.95097778778717
cologne,vehev3,25320,6.966970232436189,50.9508798937697
cologne,vehev3,25321,6.966880551613774,50.95078907731665
cologne,vehev3,25322,6.966783657115384,50.9506909553718
cologne,vehev3,25323,6.966686230394886,50.950592293971695
cologne,vehev3,25324,6.966519617295149,50.950511793688044
cologne,vehev3,25325,6.966479789652615,50.95051531107352
cologne,vehev3,25326,6.966457744815006,50.950517257961266
cologne,vehev3,25327,6.966452214397467,50.95026254071612
cologne,vehev3,25328,6.96645203869094,50.95026246447806
cologne,vehev3,25329,6.9664518267073605,50.950262372499616
cologne,vehev3,25330,6.966451564511926,50.950262258734504
cologne,vehev3,25331,6.966451279215538,50.95026213494604
cologne,vehev3,25332,6.966451019829461,50.95026202239991
cologne,vehev3,25333,6.966404400338094,50.95027336115888
cologne,vehev3,25334,6.966404053343309,50.95027299628684
cologne,vehev3,25335,6.966403686237831,50.950272610268
cologne,vehev3,25336,6.9659845607762305,50.94981396338053
cologne,vehev3,25337,6.965910347563809,50.94972531842036
cologne,vehev3,25338,6.965834457846413,50.94963467054517
cologne,vehev3,25339,6.96576209544664,50.94954823557114
cologne,vehev3,25340,6.965685246411657,50.949456441036006
cologne,vehev3,25341,6.965608274134852,50.94936449888439
cologne,vehev3,25342,6.965539305774619,50.949275639969784
cologne,vehev3,25343,6.965473493926007,50.94918855734406
cologne,vehev3,25344,6.965406822037068,50.949100897494056
cologne,vehev3,25345,6.965337779183332,50.94901011993086
cologne,vehev3,25346,6.965266225506751,50.94891600181649
cologne,vehev3,25347,6.965171117127217,50.94877257899787
cologne,vehev3,25348,6.965118120226827,50.948697586031116
cologne,vehev3,25349,6.965061100196323,50.94862031058477
cologne,vehev3,25350,6.964995616751676,50.94854477800869
cologne,vehev3,25351,6.9648784058478475,50.948382222091325
cologne,vehev3,25352,6.964811653003568,50.94828573499302
cologne,vehev3,25353,6.964751233481997,50.948189747963006
cologne,vehev3,25354,6.964690784976477,50.94809371446873
cologne,vehev3,25355,6.964624435961647,50.947988719679735
cologne,vehev3,25356,6.9645634307820545,50.94789224212704
cologne,vehev3,25357,6.964500756477347,50.94779312447154
cologne,vehev3,25358,6.964435387736343,50.94768973951473
cologne,vehev3,25359,6.964325507755218,50.94750925326853
cologne,vehev3,25360,6.964268017343296,50.94741171661289
cologne,vehev3,25361,6.964209655369612,50.947312709821794
cologne,vehev3,25362,6.964151952541141,50.94721482078957
cologne,vehev3,25363,6.9640942532336565,50.94711693730047
cologne,vehev3,25364,6.964037627691999,50.947020874974065
cologne,vehev3,25365,6.963981119262682,50.946925010909894
cologne,vehev3,25366,6.963873817459717,50.94674378483711
cologne,vehev3,25367,6.963820869547169,50.94664511299581
cologne,vehev3,25368,6.96377021285416,50.94655071058606
cologne,vehev3,25369,6.963717667835213,50.94645501644126
cologne,vehev3,25370,6.963667872275517,50.94636442373161
cologne,vehev3,25371,6.963578136198477,50.94618813771158
cologne,vehev3,25372,6.963527340006058,50.94608287523515
cologne,vehev3,25373,6.963475885721611,50.94597624853313
cologne,vehev3,25374,6.963424288034168,50.945869324163965
cologne,vehev3,25375,6.963383289990955,50.94576896719246
cologne,vehev3,25376,6.963341631407261,50.94566506194835
cologne,vehev3,25377,6.963300157413288,50.94556161665039
cologne,vehev3,25378,6.963241032521855,50.94537122500027
cologne,vehev3,25379,6.963198513729981,50.94526396886654
cologne,vehev3,25380,6.96315682732759,50.94515881200606
cologne,vehev3,25381,6.9631159025368605,50.945055575904064
cologne,vehev3,25382,6.963071779623299,50.944944271767206
cologne,vehev3,25383,6.963030980709589,50.944833688042735
cologne,vehev3,25384,6.96299180649189,50.94472416727571
cologne,vehev3,25385,6.96295246576344,50.944614180477174
cologne,vehev3,25386,6.962912170206781,50.944501523687364
cologne,vehev3,25387,6.962857127810802,50.944340465042956
cologne,vehev3,25388,6.962824655774519,50.944238559585585
cologne,vehev3,25389,6.962789289265537,50.94412757004583
cologne,vehev3,25390,6.962755779901468,50.94402240824558
cologne,vehev3,25391,6.962723420175717,50.9439208538932
cologne,vehev3,25392,6.962689545836993,50.94381454577578
cologne,vehev3,25393,6.962657791361708,50.94371019074577
cologne,vehev3,25394,6.9626265089462915,50.94360482300092
cologne,vehev3,25395,6.962593961729103,50.94349519456596
cologne,vehev3,25396,6.962561988454623,50.94338749884812
cologne,vehev3,25397,6.962512076686718,50.94321949685237
cologne,vehev3,25398,6.962468319967434,50.943084172608955
cologne,vehev3,25399,6.962409626161674,50.94297524398483
cologne,vehev3,25400,6.96236258518889,50.94282752373112
cologne,vehev3,25401,6.962329538972162,50.942728941854675
cologne,vehev3,25402,6.962296927521738,50.94263165655075
cologne,vehev3,25403,6.9622664128291945,50.94253181285673
cologne,vehev3,25404,6.962245496341336,50.94243011314402
cologne,vehev3,25405,6.962225675089011,50.94233373827726
cologne,vehev3,25406,6.962186653848441,50.94214463348867
cologne,vehev3,25407,6.962173500362712,50.942076519601244
cologne,vehev3,25408,6.96216421124357,50.942011607651644
cologne,vehev3,25409,6.9621449427414674,50.94171771340831
cologne,vehev3,25410,6.96215050356707,50.94160170123924
cologne,vehev3,25411,6.962157870404226,50.94149075251255
cologne,vehev3,25412,6.962165575232503,50.941374712757856
cologne,vehev3,25413,6.962172923217958,50.94126404663148
cologne,vehev3,25414,6.962180215246742,50.941154222619055
cologne,vehev3,25415,6.962188177964882,50.94103429674494
cologne,vehev3,25416,6.9621959818068175,50.94091676296083
cologne,vehev3,25417,6.9622039262149595,50.940797111362535
cologne,vehev3,25418,6.962211577699169,50.94068187081358
cologne,vehev3,25419,6.962219122086334,50.94056824259273
cologne,vehev3,25420,6.962232781312738,50.940452212809916
cologne,vehev3,25421,6.962249745119175,50.940340425354584
cologne,vehev3,25422,6.962267383861107,50.94022418960652
cologne,vehev3,25423,6.962284459397438,50.94011166465966
cologne,vehev3,25424,6.962301986043614,50.93999616634978
cologne,vehev3,25425,6.962321966754496,50.939879188828954
cologne,vehev3,25426,6.962344509303741,50.93976920749636
cologne,vehev3,25427,6.962368761710351,50.93965088342705
cologne,vehev3,25428,6.962392245510295,50.93953630866062
cologne,vehev3,25429,6.962415010407803,50.93942524075392
cologne,vehev3,25430,6.962439528868577,50.939305616726514
cologne,vehev3,25431,6.962462387469875,50.939194090449526
cologne,vehev3,25432,6.962485370663229,50.93908163552663
cologne,vehev3,25433,6.962506435289742,50.938970608513195
cologne,vehev3,25434,6.962527235808055,50.93886097299112
cologne,vehev3,25435,6.962549669022404,50.9387427312139
cologne,vehev3,25436,6.962572239637628,50.938623764560404
cologne,vehev3,25437,6.962594236337224,50.938507822302476
cologne,vehev3,25438,6.9626153496925,50.93839707638982
cologne,vehev3,25439,6.962637583181366,50.93828204224762
cologne,vehev3,25440,6.962658804237874,50.938172245766815
cologne,vehev3,25441,6.962681580866397,50.93805440022347
cologne,vehev3,25442,6.962702665309824,50.93794530941395
cologne,vehev3,25443,6.96272495681693,50.93782997265899
cologne,vehev3,25444,6.962793494868763,50.937712568568216
cologne,vehev3,25445,6.962814003047475,50.937599087718176
cologne,vehev3,25446,6.962834158421236,50.93748755850689
cologne,vehev3,25447,6.962854423119794,50.93737542376259
cologne,vehev3,25448,6.9628761852660785,50.93725500223305
cologne,vehev3,25449,6.9628976566524186,50.93713618896744
cologne,vehev3,25450,6.962919339635787,50.93701620414555
cologne,vehev3,25451,6.9629406873490645,50.93689668547331
cologne,vehev3,25452,6.962947199518226,50.93678127359216
cologne,vehev3,25453,6.96295398773624,50.93666096866998
cologne,vehev3,25454,6.962960455111023,50.93654634919824
cologne,vehev3,25455,6.962967259962505,50.93642574795438
cologne,vehev3,25456,6.962973782123521,50.93631015604807
cologne,vehev3,25457,6.962980500448412,50.93619108678448
cologne,vehev3,25458,6.962986583549221,50.93607882304267
cologne,vehev3,25459,6.962983270886281,50.93596501769371
cologne,vehev3,25460,6.962985310184644,50.93584387245889
cologne,vehev3,25461,6.962987261759024,50.93572793740079
cologne,vehev3,25462,6.962989224030679,50.93561136577964
cologne,vehev3,25463,6.962991260267184,50.93549039902108
cologne,vehev3,25464,6.962993221144855,50.93537390800278
cologne,vehev3,25465,6.9629950882124705,50.935262989007
cologne,vehev3,25466,6.963004708578126,50.9350746053508
cologne,vehev3,25467,6.963009441134406,50.93502787828985
cologne,vehev3,25468,6.963010280612295,50.9348347735223
cologne,vehev3,25469,6.963012617569533,50.93476102673674
cologne,vehev3,25470,6.9630150136599545,50.9346854135462
cologne,vehev3,25471,6.963045212357507,50.93452733643489
cologne,vehev3,25472,6.9630526661355185,50.93441605828316
cologne,vehev3,25473,6.963060195318072,50.93430365375169
cologne,vehev3,25474,6.963067137555051,50.934200011250866
cologne,vehev3,25475,6.963074554059911,50.93408928765734
cologne,vehev3,25476,6.963081489016836,50.933985752680485
cologne,vehev3,25477,6.963067747418277,50.93384422250189
cologne,vehev3,25478,6.963066221727784,50.93378115081692
cologne,vehev3,25479,6.9630492737383,50.933497466129815
cologne,vehev3,25480,6.963039964968536,50.93339184640325
cologne,vehev3,25481,6.963030747736153,50.933287264886886
cologne,vehev3,25482,6.963011187605055,50.93318952298599
cologne,vehev3,25483,6.96299009172431,50.933086518648686
cologne,vehev3,25484,6.962968842566579,50.93298276547672
cologne,vehev3,25485,6.962948991321644,50.93288583749507
cologne,vehev3,25486,6.962924775638429,50.93278716187583
cologne,vehev3,25487,6.962897069240871,50.93269087380731
cologne,vehev3,25488,6.96286706119428,50.93259139862702
cologne,vehev3,25489,6.962801988830846,50.932433647589235
cologne,vehev3,25490,6.962762140375325,50.93233153762191
cologne,vehev3,25491,6.962722667930735,50.932230143309354
cologne,vehev3,25492,6.962661750259699,50.9320656799645
cologne,vehev3,25493,6.962628855354164,50.93196024692126
cologne,vehev3,25494,6.9625994764331045,50.93185574333143
cologne,vehev3,25495,6.962580982997133,50.93175503839338
cologne,vehev3,25496,6.962561823996917,50.93165070873645
cologne,vehev3,25497,6.962543807832559,50.93149514926671
cologne,vehev3,25498,6.9625390501155975,50.93140524344537
cologne,vehev3,25499,6.962534048100872,50.93131072089445
cologne,vehev3,25500,6.9625303148067035,50.93122009142194
cologne,vehev3,25501,6.962560678337221,50.93108654991282
cologne,vehev3,25502,6.962566770328298,50.931041463727816
cologne,vehev3,25503,6.96259035911205,50.93085427965571
cologne,vehev3,25504,6.962601969217855,50.930743427826776
cologne,vehev3,25505,6.962614703245641,50.93062184423849
cologne,vehev3,25506,6.962625864308604,50.930507189355694
cologne,vehev3,25507,6.962624339769958,50.93039016968264
cologne,vehev3,25508,6.96262157986753,50.93027452894226
cologne,vehev3,25509,6.962621535953101,50.93015756120133
cologne,vehev3,25510,6.962615928473816,50.93004666978205
cologne,vehev3,25511,6.962610244260984,50.92993423389598
cologne,vehev3,25512,6.962611485960502,50.92982000477853
cologne,vehev3,25513,6.9626199025474405,50.92970174058079
cologne,vehev3,25514,6.962627830797819,50.92959033749579
cologne,vehev3,25515,6.962632675817708,50.92946897544535
cologne,vehev3,25516,6.9626352411356836,50.929351179838605
cologne,vehev3,25517,6.962637789103562,50.92923417994092
cologne,vehev3,25518,6.962640345572581,50.92911678869663
cologne,vehev3,25519,6.962649639082571,50.92900023193596
cologne,vehev3,25520,6.962665279538355,50.928885960852995
cologne,vehev3,25521,6.962678806400576,50.92877010193552
cologne,vehev3,25522,6.96267127462617,50.9286055088417
cologne,vehev3,25523,6.962678513353435,50.92854907280029
cologne,vehev3,25524,6.962727588312302,50.928272120329545
cologne,vehev3,25525,6.962755351886069,50.92817283069337
cologne,vehev3,25526,6.962794054213932,50.92807396597654
cologne,vehev3,25527,6.962834629529036,50.92797338641372
cologne,vehev3,25528,6.962880717333625,50.927870096267334
cologne,vehev3,25529,6.962933893183971,50.92777205850584
cologne,vehev3,25530,6.962991229230342,50.927672194627945
cologne,vehev3,25531,6.963047645432803,50.92757393241069
cologne,vehev3,25532,6.963122158093213,50.92748491108613
cologne,vehev3,25533,6.963201660424032,50.92739517549951
cologne,vehev3,25534,6.9632810365998,50.92730880276662
cologne,vehev3,25535,6.96340877320728,50.92716768060473
cologne,vehev3,25536,6.963497078587654,50.92706894601146
cologne,vehev3,25537,6.96358306213098,50.9269728069972
cologne,vehev3,25538,6.96367274303744,50.92687353211371
cologne,vehev3,25539,6.963764651419134,50.926771985941485
cologne,vehev3,25540,6.963856460869516,50.92667054854989
cologne,vehev3,25541,6.963950246564642,50.92656692712557
cologne,vehev3,25542,6.964068227512888,50.926427336583686
cologne,vehev3,25543,6.964134585599027,50.92634564925274
cologne,vehev3,25544,6.964207415252871,50.92625599498902
cologne,vehev3,25545,6.964323148248806,50.92612239949804
cologne,vehev3,25546,6.964412209032864,50.92602978551167
cologne,vehev3,25547,6.964503368009364,50.92594168703437
cologne,vehev3,25548,6.964590220121498,50.92584348980377
cologne,vehev3,25549,6.96467027371012,50.92574986641466
cologne,vehev3,25550,6.964758104342013,50.925659944829825
cologne,vehev3,25551,6.964843912638028,50.925572093319
cologne,vehev3,25552,6.964936450111094,50.925477351949354
cologne,vehev3,25553,6.965011916366182,50.92538523674374
cologne,vehev3,25554,6.965089781043506,50.92529388707504
cologne,vehev3,25555,6.965270806274287,50.925090761066336
cologne,vehev3,25556,6.9653537629949716,50.92498971662695
cologne,vehev3,25557,6.965432530698419,50.92489377409932
cologne,vehev3,25558,6.965519229811837,50.92480305104607
cologne,vehev3,25559,6.9656105224060205,50.92470752427655
cologne,vehev3,25560,6.965707371166262,50.924609874612806
cologne,vehev3,25561,6.965805320900392,50.92452224840621
cologne,vehev3,25562,6.965892967585816,50.92442174223133
cologne,vehev3,25563,6.965981919822882,50.924323756220055
cologne,vehev3,25564,6.966058006620498,50.92422470054913
cologne,vehev3,25565,6.966132922792736,50.92412710350064
cologne,vehev3,25566,6.966211674821541,50.92402450878552
cologne,vehev3,25567,6.96626921565664,50.92391688737766
cologne,vehev3,25568,6.966327722626935,50.92380635764231
cologne,vehev3,25569,6.96640697226256,50.923651413498256
cologne,vehev3,25570,6.966455055500056,50.92355491515982
cologne,vehev3,25571,6.966503876100309,50.923457413475425
cologne,vehev3,25572,6.9665507490399925,50.923363801129774
cologne,vehev3,25573,6.966599290966368,50.92326685513534
cologne,vehev3,25574,6.966648368018638,50.92316883996399
cologne,vehev3,25575,6.966694671998229,50.923076362677534
cologne,vehev3,25576,6.966556324610102,50.922807788275215
cologne,vehev3,25577,6.96639010812008,50.922774974743376
cologne,vehev3,25578,6.9662341913544665,50.922728812204014
cologne,vehev3,25579,6.966082215194239,50.922683816079655
cologne,vehev3,25580,6.9659263110935195,50.92263765670184
cologne,vehev3,25581,6.965769662624859,50.922591276635
cologne,vehev3,25582,6.965619134699905,50.92254670843935
cologne,vehev3,25583,6.96547016416245,50.922502601080495
cologne,vehev3,25584,6.965321155515926,50.92245848216621
cologne,vehev3,25585,6.965175437170436,50.92241533719075
cologne,vehev3,25586,6.96503126151104,50.92237264872499
cologne,vehev3,25587,6.964884948118167,50.92232825673434
cologne,vehev3,25588,6.96474101449155,50.92228046066614
cologne,vehev3,25589,6.9645913783690805,50.92223158853418
cologne,vehev3,25590,6.9644490747082015,50.92218519382778
cologne,vehev3,25591,6.9643042503452826,50.922137977035554
cologne,vehev3,25592,6.9641589622734585,50.922090608786384
cologne,vehev3,25593,6.964017080922523,50.922044350964235
cologne,vehev3,25594,6.963866545115855,50.92199527122786
cologne,vehev3,25595,6.963722617974395,50.921949711199105
cologne,vehev3,25596,6.963300163036961,50.92180330406272
cologne,vehev3,25597,6.9631539520774615,50.92177013077277
cologne,vehev3,25598,6.963009751894676,50.921739940689946
cologne,vehev3,25599,6.962859645873406,50.921712483869804
cologne,vehev3,25600,6.962712593090815,50.921685585318805
cologne,vehev3,25601,6.962565840117215,50.92165874139345
cologne,vehev3,25602,6.962414833661376,50.92163111920096
cologne,vehev3,25603,6.962269273236783,50.92160449298481
cologne,vehev3,25604,6.9621232128257695,50.921577775098015
cologne,vehev3,25605,6.9618106700433735,50.92152222726951
cologne,vehev3,25606,6.961584152145931,50.921488367924816
cologne,vehev3,25607,6.961413553127176,50.921469813353646
cologne,vehev3,25608,6.961254543868554,50.92144818787357
cologne,vehev3,25609,6.961094168949028,50.92142242828887
cologne,vehev3,25610,6.960926335332375,50.92139525377931
cologne,vehev3,25611,6.960753986604097,50.92136712473056
cologne,vehev3,25612,6.960584349695399,50.921339437997545
cologne,vehev3,25613,6.960426571123035,50.92131366977332
cologne,vehev3,25614,6.960257449337288,50.921286035433745
cologne,vehev3,25615,6.96008955928318,50.92125860208422
cologne,vehev3,25616,6.959920284121156,50.92123296812067
cologne,vehev3,25617,6.959592319882828,50.92124857573289
cologne,vehev3,25618,6.9594799941092305,50.921220204059644
cologne,vehev3,25619,6.959256068328414,50.92114029643212
cologne,vehev3,25620,6.959081228942789,50.92116976323861
cologne,vehev3,25621,6.958925216091815,50.92121413317593
cologne,vehev3,25622,6.958774091054572,50.92127574855286
cologne,vehev3,25623,6.958623957482423,50.9213369593395
cologne,vehev3,25624,6.958477858793577,50.921396524725104
cologne,vehev3,25625,6.958330151412105,50.921457868227264
cologne,vehev3,25626,6.958186531453227,50.921519178406406
cologne,vehev3,25627,6.958036763595478,50.92158311270899
cologne,vehev3,25628,6.957894137529617,50.92164399791123
cologne,vehev3,25629,6.957746116605057,50.92170718575173
cologne,vehev3,25630,6.957607168144855,50.92176650036737
cologne,vehev3,25631,6.957462053039735,50.9218284470721
cologne,vehev3,25632,6.957310559413856,50.92189311626616
cologne,vehev3,25633,6.9571611437463705,50.92195689805445
cologne,vehev3,25634,6.957019521454583,50.9220173828376
cologne,vehev3,25635,6.956895044852455,50.92209334642698
cologne,vehev3,25636,6.95652754395806,50.922322153318376
cologne,vehev3,25637,6.956439843449831,50.9223778143843
cologne,vehev3,25638,6.956349048710594,50.92243543905979
cologne,vehev3,25639,6.956256722320157,50.92249403560626
cologne,vehev3,25640,6.956069550906542,50.92258407681056
cologne,vehev3,25641,6.955920605282557,50.922648172673625
cologne,vehev3,25642,6.955769523675193,50.92271318733733
cologne,vehev3,25643,6.955616421803179,50.92277907098891
cologne,vehev3,25644,6.9554657546730825,50.92284390652665
cologne,vehev3,25645,6.95531906914181,50.922907028326556
cologne,vehev3,25646,6.955173310330233,50.92296975098404
cologne,vehev3,25647,6.955029709010581,50.92303154488674
cologne,vehev3,25648,6.954883110322965,50.92309639958937
cologne,vehev3,25649,6.954731665879697,50.92316500344031
cologne,vehev3,25650,6.954579073367049,50.92323412695536
cologne,vehev3,25651,6.954430003343215,50.92330165440849
cologne,vehev3,25652,6.954283984565415,50.923367799294496
cologne,vehev3,25653,6.9541427442326675,50.923431779241426
cologne,vehev3,25654,6.954002522839262,50.923495297275934
cologne,vehev3,25655,6.953858095342627,50.923560720246265
cologne,vehev3,25656,6.953706293702065,50.92362948317158
cologne,vehev3,25657,6.953556381407093,50.923697389865964
cologne,vehev3,25658,6.953403797408982,50.92376333107539
cologne,vehev3,25659,6.95317679139417,50.92385088192477
cologne,vehev3,25660,6.953053396175837,50.92390453991907
cologne,vehev3,25661,6.952936002793011,50.92395785024935
cologne,vehev3,25662,6.952817579290618,50.92401162812844
cologne,vehev3,25663,6.952454282416574,50.924080567845195
cologne,vehev3,25664,6.952424703433202,50.92402957182912
cologne,vehev3,25665,6.952397173060623,50.92398210764157
cologne,vehev3,25666,6.952367566735946,50.92393122407811
cologne,vehev3,25667,6.952341684660933,50.923882212286266
cologne,vehev3,25668,6.952205168599808,50.923583932053916
cologne,vehev3,25669,6.952167816054594,50.9234927857136
cologne,vehev3,25670,6.952138128481722,50.92340348536737
cologne,vehev3,25671,6.952117718741025,50.92331222279821
cologne,vehev3,25672,6.952097310522841,50.92322096669846
cologne,vehev3,25673,6.952077180414902,50.92313165515255
cologne,vehev3,25674,6.952057814302904,50.92304686484006
cologne,vehev3,25675,6.952045595665192,50.92296117092897
cologne,vehev3,25676,6.951966433907682,50.92271712912527
cologne,vehev3,25677,6.9519126857538796,50.92262078334831
cologne,vehev3,25678,6.951858494556189,50.92252364297903
cologne,vehev3,25679,6.95180217892127,50.92242269400765
cologne,vehev3,25680,6.951746796738143,50.9223234178596
cologne,vehev3,25681,6.951692431468476,50.92222596416849
